,Name,Price,Availability
0,In Her Wake,Â£12.84,In stock
1,How Music Works,Â£37.32,In stock
2,"Foolproof Preserving: A Guide to Small Batch Jams, Jellies, Pickles, Condiments, and More: A Foolproof Guide to Making Small Batch Jams, Jellies, Pickles, Condiments, and More",Â£30.52,In stock
3,Chase Me (Paris Nights #2),Â£25.27,In stock
4,Black Dust,Â£34.53,In stock
5,Birdsong: A Story in Pictures,Â£54.64,In stock
6,America's Cradle of Quarterbacks: Western Pennsylvania's Football Factory from Johnny Unitas to Joe Montana,Â£22.50,In stock
7,Aladdin and His Wonderful Lamp,Â£53.13,In stock
8,Worlds Elsewhere: Journeys Around Shakespeareâs Globe,Â£40.30,In stock
9,Wall and Piece,Â£44.18,In stock
10,The Four Agreements: A Practical Guide to Personal Freedom,Â£17.66,In stock
11,The Five Love Languages: How to Express Heartfelt Commitment to Your Mate,Â£31.05,In stock
12,The Elephant Tree,Â£23.82,In stock
13,The Bear and the Piano,Â£36.89,In stock
14,Sophie's World,Â£15.94,In stock
15,Penny Maybe,Â£33.29,In stock
16,Maude (1883-1993):She Grew Up with the country,Â£18.02,In stock
17,"In a Dark, Dark Wood",Â£19.63,In stock
18,Behind Closed Doors,Â£52.22,In stock
19,You can't bury them all: Poems,Â£33.63,In stock
20,Slow States of Collapse: Poems,Â£57.31,In stock
21,Reasons to Stay Alive,Â£26.41,In stock
22,Private Paris (Private #10),Â£47.61,In stock
23,#HigherSelfie: Wake Up Your Life. Free Your Soul. Find Your Tribe.,Â£23.11,In stock
24,Without Borders (Wanderlove #1),Â£45.07,In stock
25,When We Collided,Â£31.77,In stock
26,"We Love You, Charlie Freeman",Â£50.27,In stock
27,Untitled Collection: Sabbath Poems 2014,Â£14.27,In stock
28,"Unseen City: The Majesty of Pigeons, the Discreet Charm of Snails & Other Wonders of the Urban Wilderness",Â£44.18,In stock
29,Unicorn Tracks,Â£18.78,In stock
30,"Unbound: How Eight Technologies Made Us Human, Transformed Society, and Brought Our World to the Brink",Â£25.52,In stock
31,Tsubasa: WoRLD CHRoNiCLE 2 (Tsubasa WoRLD CHRoNiCLE #2),Â£16.28,In stock
32,Throwing Rocks at the Google Bus: How Growth Became the Enemy of Prosperity,Â£31.12,In stock
33,This One Summer,Â£19.49,In stock
34,Thirst,Â£17.27,In stock
35,The Torch Is Passed: A Harding Family Story,Â£19.09,In stock
36,The Secret of Dreadwillow Carse,Â£56.13,In stock
37,"The Pioneer Woman Cooks: Dinnertime: Comfort Classics, Freezer Food, 16-Minute Meals, and Other Delicious Ways to Solve Supper!",Â£56.41,In stock
38,The Past Never Ends,Â£56.50,In stock
39,The Natural History of Us (The Fine Art of Pretending #2),Â£45.22,In stock
40,The Nameless City (The Nameless City #1),Â£38.16,In stock
41,The Murder That Never Was (Forensic Instincts #5),Â£54.11,In stock
42,The Most Perfect Thing: Inside (and Outside) a Bird's Egg,Â£42.96,In stock
43,"The Mindfulness and Acceptance Workbook for Anxiety: A Guide to Breaking Free from Anxiety, Phobias, and Worry Using Acceptance and Commitment Therapy",Â£23.89,In stock
44,The Life-Changing Magic of Tidying Up: The Japanese Art of Decluttering and Organizing,Â£16.77,In stock
45,"The Inefficiency Assassin: Time Management Tactics for Working Smarter, Not Longer",Â£20.59,In stock
46,The Gutsy Girl: Escapades for Your Life of Epic Adventure,Â£37.13,In stock
47,The Electric Pencil: Drawings from Inside State Hospital No. 3,Â£56.06,In stock
48,The Death of Humanity: and the Case for Life,Â£58.11,In stock
49,"The Bulletproof Diet: Lose up to a Pound a Day, Reclaim Energy and Focus, Upgrade Your Life",Â£49.05,In stock
50,The Art Forger,Â£40.76,In stock
51,The Age of Genius: The Seventeenth Century and the Birth of the Modern Mind,Â£19.73,In stock
52,The Activist's Tao Te Ching: Ancient Advice for a Modern Revolution,Â£32.24,In stock
53,Spark Joy: An Illustrated Master Class on the Art of Organizing and Tidying Up,Â£41.83,In stock
54,Soul Reader,Â£39.58,In stock
55,Security,Â£39.25,In stock
56,"Saga, Volume 6 (Saga (Collected Editions) #6)",Â£25.02,In stock
57,"Saga, Volume 5 (Saga (Collected Editions) #5)",Â£51.04,In stock
58,Reskilling America: Learning to Labor in the Twenty-First Century,Â£19.83,In stock
59,"Rat Queens, Vol. 3: Demons (Rat Queens (Collected Editions) #11-15)",Â£50.40,In stock
60,"Princess Jellyfish 2-in-1 Omnibus, Vol. 01 (Princess Jellyfish 2-in-1 Omnibus #1)",Â£13.61,In stock
61,Princess Between Worlds (Wide-Awake Princess #5),Â£13.34,In stock
62,"Pop Gun War, Volume 1: Gift",Â£18.97,In stock
63,"Political Suicide: Missteps, Peccadilloes, Bad Calls, Backroom Hijinx, Sordid Pasts, Rotten Breaks, and Just Plain Dumb Mistakes in the Annals of American Politics",Â£36.28,In stock
64,Patience,Â£10.16,In stock
65,"Outcast, Vol. 1: A Darkness Surrounds Him (Outcast #1)",Â£15.44,In stock
66,orange: The Complete Collection 1 (orange: The Complete Collection #1),Â£48.41,In stock
67,Online Marketing for Busy Authors: A Step-By-Step Guide,Â£46.35,In stock
68,On a Midnight Clear,Â£14.07,In stock
69,Obsidian (Lux #1),Â£14.86,In stock
70,My Paris Kitchen: Recipes and Stories,Â£33.37,In stock
71,Masks and Shadows,Â£56.40,In stock
72,"Mama Tried: Traditional Italian Cooking for the Screwed, Crude, Vegan, and Tattooed",Â£14.02,In stock
73,"Lumberjanes, Vol. 2: Friendship to the Max (Lumberjanes #5-8)",Â£46.91,In stock
74,"Lumberjanes, Vol. 1: Beware the Kitten Holy (Lumberjanes #1-4)",Â£45.61,In stock
75,Lumberjanes Vol. 3: A Terrible Plan (Lumberjanes #9-12),Â£19.92,In stock
76,"Layered: Baking, Building, and Styling Spectacular Cakes",Â£40.11,In stock
77,Judo: Seven Steps to Black Belt (an Introductory Guide for Beginners),Â£53.90,In stock
78,Join,Â£35.67,In stock
79,In the Country We Love: My Family Divided,Â£22.00,In stock
80,Immunity: How Elie Metchnikoff Changed the Course of Modern Medicine,Â£57.36,In stock
81,"I Hate Fairyland, Vol. 1: Madly Ever After (I Hate Fairyland (Compilations) #1-5)",Â£29.17,In stock
82,I am a Hero Omnibus Volume 1,Â£54.63,In stock
83,How to Be Miserable: 40 Strategies You Already Use,Â£46.03,In stock
84,Her Backup Boyfriend (The Sorensen Family #1),Â£33.97,In stock
85,"Giant Days, Vol. 2 (Giant Days #5-8)",Â£22.11,In stock
86,Forever and Forever: The Courtship of Henry Longfellow and Fanny Appleton,Â£29.69,In stock
87,First and First (Five Boroughs #3),Â£15.97,In stock
88,Fifty Shades Darker (Fifty Shades #2),Â£21.96,In stock
89,Everydata: The Misinformation Hidden in the Little Data You Consume Every Day,Â£54.35,In stock
90,"Don't Be a Jerk: And Other Practical Advice from Dogen, Japan's Greatest Zen Master",Â£37.97,In stock
91,Danganronpa Volume 1,Â£51.99,In stock
92,Crown of Midnight (Throne of Glass #2),Â£43.29,In stock
93,"Codename Baboushka, Volume 1: The Conclave of Death",Â£36.72,In stock
94,Camp Midnight,Â£17.08,In stock
95,Call the Nurse: True Stories of a Country Nurse on a Scottish Isle,Â£29.14,In stock
96,Burning,Â£28.81,In stock
97,Bossypants,Â£49.46,In stock
98,"Bitch Planet, Vol. 1: Extraordinary Machine (Bitch Planet (Collected Editions))",Â£37.92,In stock
99,"Avatar: The Last Airbender: Smoke and Shadow, Part 3 (Smoke and Shadow #3)",Â£28.09,In stock
100,Algorithms to Live By: The Computer Science of Human Decisions,Â£30.81,In stock
101,A World of Flavor: Your Gluten Free Passport,Â£42.95,In stock
102,"A Piece of Sky, a Grain of Rice: A Memoir in Four Meditations",Â£56.76,In stock
103,A Murder in Time,Â£16.64,In stock
104,A Flight of Arrows (The Pathfinders #2),Â£55.53,In stock
105,A Fierce and Subtle Poison,Â£28.13,In stock
106,A Court of Thorns and Roses (A Court of Thorns and Roses #1),Â£52.37,In stock
107,(Un)Qualified: How God Uses Broken People to Do Big Things,Â£54.00,In stock
108,You Are What You Love: The Spiritual Power of Habit,Â£21.87,In stock
109,"William Shakespeare's Star Wars: Verily, A New Hope (William Shakespeare's Star Wars #4)",Â£43.30,In stock
110,Tuesday Nights in 1980,Â£21.04,In stock
111,Tracing Numbers on a Train,Â£41.60,In stock
112,Throne of Glass (Throne of Glass #1),Â£35.07,In stock
113,Thomas Jefferson and the Tripoli Pirates: The Forgotten War That Changed American History,Â£59.64,In stock
114,Thirteen Reasons Why,Â£52.72,In stock
115,The White Cat and the Monk: A Retelling of the Poem âPangur BÃ¡nâ,Â£58.08,In stock
116,The Wedding Dress,Â£24.12,In stock
117,The Vacationers,Â£42.15,In stock
118,The Third Wave: An Entrepreneurâs Vision of the Future,Â£12.61,In stock
119,The Stranger,Â£17.44,In stock
120,The Shadow Hero (The Shadow Hero),Â£33.14,In stock
121,The Secret (The Secret #1),Â£27.37,In stock
122,The Regional Office Is Under Attack!,Â£51.36,In stock
123,The Psychopath Test: A Journey Through the Madness Industry,Â£36.00,In stock
124,The Project,Â£10.65,In stock
125,The Power of Now: A Guide to Spiritual Enlightenment,Â£43.54,In stock
126,The Omnivore's Dilemma: A Natural History of Four Meals,Â£38.21,In stock
127,The Nerdy Nummies Cookbook: Sweet Treats for the Geek in All of Us,Â£37.34,In stock
128,The Murder of Roger Ackroyd (Hercule Poirot #4),Â£44.10,In stock
129,The Mistake (Off-Campus #2),Â£43.29,In stock
130,The Matchmaker's Playbook (Wingmen Inc. #1),Â£55.85,In stock
131,The Love and Lemons Cookbook: An Apple-to-Zucchini Celebration of Impromptu Cooking,Â£37.60,In stock
132,The Long Shadow of Small Ghosts: Murder and Memory in an American City,Â£10.97,In stock
133,The Kite Runner,Â£41.82,In stock
134,The House by the Lake,Â£36.95,In stock
135,The Glittering Court (The Glittering Court #1),Â£44.28,In stock
136,The Girl on the Train,Â£55.02,In stock
137,The Genius of Birds,Â£17.24,In stock
138,The Emerald Mystery,Â£23.15,In stock
139,The Cookies & Cups Cookbook: 125+ sweet & savory recipes reminding you to Always Eat Dessert First,Â£41.25,In stock
140,The Bridge to Consciousness: I'm Writing the Bridge Between Science and Our Old and New Beliefs.,Â£32.00,In stock
141,The Artist's Way: A Spiritual Path to Higher Creativity,Â£38.49,In stock
142,The Art of War,Â£33.34,In stock
143,The Argonauts,Â£10.93,In stock
144,The 10% Entrepreneur: Live Your Startup Dream Without Quitting Your Day Job,Â£27.55,In stock
145,Suddenly in Love (Lake Haven #1),Â£55.99,In stock
146,Something More Than This,Â£16.24,In stock
147,Soft Apocalypse,Â£26.12,In stock
148,So You've Been Publicly Shamed,Â£12.23,In stock
149,Shoe Dog: A Memoir by the Creator of NIKE,Â£23.99,In stock
150,"Shobu Samurai, Project Aryoku (#3)",Â£29.06,In stock
151,Secrets and Lace (Fatal Hearts #1),Â£20.27,In stock
152,Scarlett Epstein Hates It Here,Â£43.55,In stock
153,Romero and Juliet: A Tragic Tale of Love and Zombies,Â£36.94,In stock
154,Redeeming Love,Â£20.47,In stock
155,Poses for Artists Volume 1 - Dynamic and Sitting Poses: An Essential Reference for Figure Drawing and the Human Form,Â£41.06,In stock
156,Poems That Make Grown Women Cry,Â£14.19,In stock
157,"Nightingale, Sing",Â£38.28,In stock
158,Night Sky with Exit Wounds,Â£41.05,In stock
159,Mrs. Houdini,Â£30.25,In stock
160,Modern Romance,Â£28.26,In stock
161,Miss Peregrineâs Home for Peculiar Children (Miss Peregrineâs Peculiar Children #1),Â£10.76,In stock
162,Louisa: The Extraordinary Life of Mrs. Adams,Â£16.85,In stock
163,Little Red,Â£13.47,In stock
164,Library of Souls (Miss Peregrineâs Peculiar Children #3),Â£48.56,In stock
165,Large Print Heart of the Pride,Â£19.15,In stock
166,I Had a Nice Time And Other Lies...: How to find love & sh*t like that,Â£57.36,In stock
167,Hollow City (Miss Peregrineâs Peculiar Children #2),Â£42.98,In stock
168,Grumbles,Â£22.16,In stock
169,Full Moon over Noahâs Ark: An Odyssey to Mount Ararat and Beyond,Â£49.43,In stock
170,Frostbite (Vampire Academy #2),Â£29.99,In stock
171,Follow You Home,Â£21.36,In stock
172,First Steps for New Christians (Print Edition),Â£29.00,In stock
173,Finders Keepers (Bill Hodges Trilogy #2),Â£53.53,In stock
174,"Fables, Vol. 1: Legends in Exile (Fables #1)",Â£41.62,In stock
175,Eureka Trivia 6.0,Â£54.59,In stock
176,Drive: The Surprising Truth About What Motivates Us,Â£34.95,In stock
177,Done Rubbed Out (Reightman & Bailey #1),Â£37.72,In stock
178,Doing It Over (Most Likely To #1),Â£35.61,In stock
179,"Deliciously Ella Every Day: Quick and Easy Recipes for Gluten-Free Snacks, Packed Lunches, and Simple Meals",Â£42.16,In stock
180,Dark Notes,Â£19.19,In stock
181,"Daring Greatly: How the Courage to Be Vulnerable Transforms the Way We Live, Love, Parent, and Lead",Â£19.43,In stock
182,Close to You,Â£49.46,In stock
183,Chasing Heaven: What Dying Taught Me About Living,Â£37.80,In stock
184,Big Magic: Creative Living Beyond Fear,Â£30.80,In stock
185,Becoming Wise: An Inquiry into the Mystery and Art of Living,Â£27.43,In stock
186,Beauty Restored (Riley Family Legacy Novellas #3),Â£11.11,In stock
187,Batman: The Long Halloween (Batman),Â£36.50,In stock
188,Batman: The Dark Knight Returns (Batman),Â£15.38,In stock
189,Ayumi's Violin,Â£15.48,In stock
190,Anonymous,Â£46.82,In stock
191,Amy Meets the Saints and Sages,Â£18.46,In stock
192,Amid the Chaos,Â£36.58,In stock
193,Amatus,Â£50.54,In stock
194,Agnostic: A Spirited Manifesto,Â£12.51,In stock
195,Zealot: The Life and Times of Jesus of Nazareth,Â£24.70,In stock
196,You (You #1),Â£43.61,In stock
197,"Wonder Woman: Earth One, Volume One (Wonder Woman: Earth One #1)",Â£37.34,In stock
198,Wild Swans,Â£14.36,In stock
199,Why the Right Went Wrong: Conservatism--From Goldwater to the Tea Party and Beyond,Â£52.65,In stock
200,Whole Lotta Creativity Going On: 60 Fun and Unusual Exercises to Awaken and Strengthen Your Creativity,Â£38.20,In stock
201,What's It Like in Space?: Stories from Astronauts Who've Been There,Â£19.60,In stock
202,"We Are Robin, Vol. 1: The Vigilante Business (We Are Robin #1)",Â£53.90,In stock
203,Walt Disney's Alice in Wonderland,Â£12.96,In stock
204,V for Vendetta (V for Vendetta Complete),Â£37.10,In stock
205,Until Friday Night (The Field Party #1),Â£46.31,In stock
206,"Unbroken: A World War II Story of Survival, Resilience, and Redemption",Â£45.95,In stock
207,Twenty Yawns,Â£22.08,In stock
208,Through the Woods,Â£25.38,In stock
209,This Is Where It Ends,Â£27.12,In stock
210,The Year of Magical Thinking,Â£43.04,In stock
211,The Wright Brothers,Â£56.80,In stock
212,The White Queen (The Cousins' War #1),Â£25.91,In stock
213,The Wedding Pact (The O'Malleys #2),Â£32.61,In stock
214,The Time Keeper,Â£27.88,In stock
215,The Testament of Mary,Â£52.67,In stock
216,The Star-Touched Queen,Â£46.02,In stock
217,The Songs of the Gods,Â£44.48,In stock
218,The Song of Achilles,Â£37.40,In stock
219,The Rosie Project (Don Tillman #1),Â£54.04,In stock
220,The Power of Habit: Why We Do What We Do in Life and Business,Â£16.88,In stock
221,The Marriage of Opposites,Â£28.08,In stock
222,The Lucifer Effect: Understanding How Good People Turn Evil,Â£10.40,In stock
223,The Long Haul (Diary of a Wimpy Kid #9),Â£44.07,In stock
224,The Loney,Â£23.40,In stock
225,The Literature Book (Big Ideas Simply Explained),Â£17.43,In stock
226,The Last Mile (Amos Decker #2),Â£54.21,In stock
227,The Immortal Life of Henrietta Lacks,Â£40.67,In stock
228,The Hidden Oracle (The Trials of Apollo #1),Â£52.26,In stock
229,The Help Yourself Cookbook for Kids: 60 Easy Plant-Based Recipes Kids Can Make to Stay Healthy and Save the Earth,Â£28.77,In stock
230,The Guilty (Will Robie #4),Â£13.82,In stock
231,The First Hostage (J.B. Collins #2),Â£25.85,In stock
232,The Dovekeepers,Â£48.78,In stock
233,The Darkest Lie,Â£35.35,In stock
234,The Bane Chronicles (The Bane Chronicles #1-11),Â£44.73,In stock
235,The Bad-Ass Librarians of Timbuktu: And Their Race to Save the Worldâs Most Precious Manuscripts,Â£15.77,In stock
236,The 14th Colony (Cotton Malone #11),Â£39.24,In stock
237,That Darkness (Gardiner and Renner #1),Â£13.92,In stock
238,Tastes Like Fear (DI Marnie Rome #3),Â£10.69,In stock
239,Take Me with You,Â£45.21,In stock
240,Swell: A Year of Waves,Â£45.58,In stock
241,Superman Vol. 1: Before Truth (Superman by Gene Luen Yang #1),Â£11.89,In stock
242,Still Life with Bread Crumbs,Â£26.41,In stock
243,Steve Jobs,Â£39.50,In stock
244,Sorting the Beef from the Bull: The Science of Food Fraud Forensics,Â£44.74,In stock
245,Someone Like You (The Harrisons #2),Â£52.79,In stock
246,"So Cute It Hurts!!, Vol. 6 (So Cute It Hurts!! #6)",Â£35.43,In stock
247,Shtum,Â£55.84,In stock
248,See America: A Celebration of Our National Parks & Treasured Sites,Â£48.87,In stock
249,salt.,Â£46.78,In stock
250,Robin War,Â£47.82,In stock
251,"Red Hood/Arsenal, Vol. 1: Open for Business (Red Hood/Arsenal #1)",Â£25.48,In stock
252,Rain Fish,Â£23.57,In stock
253,"Quarter Life Poetry: Poems for the Young, Broke and Hangry",Â£50.89,In stock
254,Pet Sematary,Â£10.56,In stock
255,"Overload: How to Unplug, Unwind, and Unleash Yourself from the Pressure of Stress",Â£52.15,In stock
256,Once Was a Time,Â£18.28,In stock
257,Old School (Diary of a Wimpy Kid #10),Â£11.83,In stock
258,No Dream Is Too High: Life Lessons From a Man Who Walked on the Moon,Â£21.95,In stock
259,"Naruto (3-in-1 Edition), Vol. 14: Includes Vols. 40, 41 & 42 (Naruto: Omnibus #14)",Â£38.39,In stock
260,My Name Is Lucy Barton,Â£41.56,In stock
261,My Mrs. Brown,Â£24.48,In stock
262,My Kind of Crazy,Â£40.36,In stock
263,Mr. Mercedes (Bill Hodges Trilogy #1),Â£28.90,In stock
264,More Than Music (Chasing the Dream #1),Â£37.61,In stock
265,Made to Stick: Why Some Ideas Survive and Others Die,Â£38.85,In stock
266,Luis Paints the World,Â£53.95,In stock
267,Luckiest Girl Alive,Â£49.83,In stock
268,Lowriders to the Center of the Earth (Lowriders in Space #2),Â£51.51,In stock
269,Love Is a Mix Tape (Music #1),Â£18.03,In stock
270,Looking for Lovely: Collecting the Moments that Matter,Â£29.14,In stock
271,"Living Leadership by Insight: A Good Leader Achieves, a Great Leader Builds Monuments",Â£46.91,In stock
272,Let It Out: A Journey Through Journaling,Â£26.79,In stock
273,Lady Midnight (The Dark Artifices #1),Â£16.28,In stock
274,"It's All Easy: Healthy, Delicious Weeknight Meals in under 30 Minutes",Â£19.55,In stock
275,Island of Dragons (Unwanteds #7),Â£29.65,In stock
276,I Know What I'm Doing -- and Other Lies I Tell Myself: Dispatches from a Life Under Construction,Â£25.98,In stock
277,I Am Pilgrim (Pilgrim #1),Â£10.60,In stock
278,"Hyperbole and a Half: Unfortunate Situations, Flawed Coping Mechanisms, Mayhem, and Other Things That Happened",Â£14.75,In stock
279,"Hush, Hush (Hush, Hush #1)",Â£47.02,In stock
280,Hold Your Breath (Search and Rescue #1),Â£28.82,In stock
281,Hamilton: The Revolution,Â£58.79,In stock
282,Greek Mythic History,Â£10.23,In stock
283,God: The Most Unpleasant Character in All Fiction,Â£30.03,In stock
284,Glory over Everything: Beyond The Kitchen House,Â£45.84,In stock
285,Feathers: Displays of Brilliant Plumage,Â£49.05,In stock
286,"Far & Away: Places on the Brink of Change: Seven Continents, Twenty-Five Years",Â£15.06,In stock
287,Every Last Word,Â£46.47,In stock
288,Eligible (The Austen Project #4),Â£27.09,In stock
289,El Deafo,Â£57.62,In stock
290,Eight Hundred Grapes,Â£14.39,In stock
291,"Eaternity: More than 150 Deliciously Easy Vegan Recipes for a Long, Healthy, Satisfied, Joyful Life",Â£51.75,In stock
292,"Eat Fat, Get Thin",Â£54.07,In stock
293,Don't Get Caught,Â£55.35,In stock
294,Doctor Sleep (The Shining #2),Â£40.12,In stock
295,Demigods & Magicians: Percy and Annabeth Meet the Kanes (Percy Jackson & Kane Chronicles Crossover #1-3),Â£37.51,In stock
296,Dear Mr. Knightley,Â£11.21,In stock
297,Daily Fantasy Sports,Â£36.58,In stock
298,Crazy Love: Overwhelmed by a Relentless God,Â£47.72,In stock
299,Cometh the Hour (The Clifton Chronicles #6),Â£25.01,In stock
300,Code Name Verity (Code Name Verity #1),Â£22.13,In stock
301,Clockwork Angel (The Infernal Devices #1),Â£44.14,In stock
302,City of Glass (The Mortal Instruments #3),Â£56.02,In stock
303,City of Fallen Angels (The Mortal Instruments #4),Â£11.23,In stock
304,City of Bones (The Mortal Instruments #1),Â£43.28,In stock
305,City of Ashes (The Mortal Instruments #2),Â£47.27,In stock
306,Cell,Â£20.29,In stock
307,Catching Jordan (Hundred Oaks),Â£50.83,In stock
308,"Carry On, Warrior: Thoughts on Life Unarmed",Â£31.85,In stock
309,Carrie,Â£46.23,In stock
310,Buying In: The Secret Dialogue Between What We Buy and Who We Are,Â£37.80,In stock
311,Brain on Fire: My Month of Madness,Â£49.32,In stock
312,Batman: Europa,Â£32.01,In stock
313,Barefoot Contessa Back to Basics,Â£28.01,In stock
314,Barefoot Contessa at Home: Everyday Recipes You'll Make Over and Over Again,Â£50.62,In stock
315,Balloon Animals,Â£17.03,In stock
316,Art Ops Vol. 1,Â£48.80,In stock
317,Aristotle and Dante Discover the Secrets of the Universe (Aristotle and Dante Discover the Secrets of the Universe #1),Â£58.14,In stock
318,Angels Walking (Angels Walking #1),Â£34.20,In stock
319,Angels & Demons (Robert Langdon #1),Â£51.48,In stock
320,All the Light We Cannot See,Â£29.87,In stock
321,"Adulthood Is a Myth: A ""Sarah's Scribbles"" Collection",Â£10.90,In stock
322,Abstract City,Â£56.37,In stock
323,A Time of Torment (Charlie Parker #14),Â£48.35,In stock
324,A Study in Scarlet (Sherlock Holmes #1),Â£16.73,In stock
325,"A Series of Catastrophes and Miracles: A True Story of Love, Science, and Cancer",Â£56.48,In stock
326,A People's History of the United States,Â£40.79,In stock
327,A Man Called Ove,Â£39.72,In stock
328,A Distant Mirror: The Calamitous 14th Century,Â£14.58,In stock
329,A Brush of Wings (Angels Walking #3),Â£55.51,In stock
330,1491: New Revelations of the Americas Before Columbus,Â£21.80,In stock
331,"The Three Searches, Meaning, and the Story",Â£13.33,In stock
332,Searching for Meaning in Gailana,Â£38.73,In stock
333,Rook,Â£37.86,In stock
334,My Kitchen Year: 136 Recipes That Saved My Life,Â£11.53,In stock
335,13 Hours: The Inside Account of What Really Happened In Benghazi,Â£27.06,In stock
336,Will You Won't You Want Me?,Â£13.86,In stock
337,Tipping Point for Planet Earth: How Close Are We to the Edge?,Â£37.55,In stock
338,The Star-Touched Queen,Â£32.30,In stock
339,The Silent Sister (Riley MacPherson #1),Â£46.29,In stock
340,The Midnight Watch: A Novel of the Titanic and the Californian,Â£26.20,In stock
341,The Lonely City: Adventures in the Art of Being Alone,Â£33.26,In stock
342,The Gray Rhino: How to Recognize and Act on the Obvious Dangers We Ignore,Â£59.15,In stock
343,The Golden Condom: And Other Essays on Love Lost and Found,Â£39.43,In stock
344,The Epidemic (The Program 0.6),Â£14.44,In stock
345,The Dinner Party,Â£56.54,In stock
346,The Diary of a Young Girl,Â£59.90,In stock
347,The Children,Â£11.88,In stock
348,Stars Above (The Lunar Chronicles #4.5),Â£48.05,In stock
349,Snatched: How A Drug Queen Went Undercover for the DEA and Was Kidnapped By Colombian Guerillas,Â£21.21,In stock
350,Raspberry Pi Electronics Projects for the Evil Genius,Â£49.67,In stock
351,Quench Your Own Thirst: Business Lessons Learned Over a Beer or Two,Â£43.14,In stock
352,Psycho: Sanitarium (Psycho #1.5),Â£36.97,In stock
353,Poisonous (Max Revere Novels #3),Â£26.80,In stock
354,One with You (Crossfire #5),Â£15.71,In stock
355,No Love Allowed (Dodge Cove #1),Â£54.65,In stock
356,Murder at the 42nd Street Library (Raymond Ambler #1),Â£54.36,In stock
357,Most Wanted,Â£35.28,In stock
358,"Love, Lies and Spies",Â£20.55,In stock
359,How to Speak Golf: An Illustrated Guide to Links Lingo,Â£58.32,In stock
360,Hide Away (Eve Duncan #20),Â£11.84,In stock
361,Furiously Happy: A Funny Book About Horrible Things,Â£41.46,In stock
362,Everyday Italian: 125 Simple and Delicious Recipes,Â£20.10,In stock
363,Equal Is Unfair: America's Misguided Fight Against Income Inequality,Â£56.86,In stock
364,Eleanor & Park,Â£56.51,In stock
365,Dirty (Dive Bar #1),Â£40.83,In stock
366,Can You Keep a Secret? (Fear Street Relaunch #4),Â£48.64,In stock
367,Boar Island (Anna Pigeon #19),Â£59.48,In stock
368,A Paris Apartment,Â£39.01,In stock
369,"A la Mode: 120 Recipes in 60 Pairings: Pies, Tarts, Cakes, Crisps, and More Topped with Ice Cream, Gelato, Frozen Custard, and More",Â£38.77,In stock
370,Troublemaker: Surviving Hollywood and Scientology,Â£48.39,In stock
371,The Widow,Â£27.26,In stock
372,"The Sleep Revolution: Transforming Your Life, One Night at a Time",Â£11.68,In stock
373,The Improbability of Love,Â£59.45,In stock
374,The Art of Startup Fundraising,Â£21.00,In stock
375,Take Me Home Tonight (Rock Star Romance #3),Â£53.98,In stock
376,Sleeping Giants (Themis Files #1),Â£48.74,In stock
377,"Setting the World on Fire: The Brief, Astonishing Life of St. Catherine of Siena",Â£21.15,In stock
378,Playing with Fire,Â£13.71,In stock
379,Off the Hook (Fishing for Trouble #1),Â£47.67,In stock
